song_id,song_name,artist_name,date_posted,tag,like_count,play_count,repost_count,comment_count,song_art_url,song_data_url,background_light,background_dark
Song_00001,All I Got,Said the Sky,05/12/2017,# Electronic,20,100,10,10,https://i1.sndcdn.com/artworks-000376950786-x9c78f-t500x500.jpg,https://5cloudaudio.s3-us-west-1.amazonaws.com/All_I_Got.mp3,"[ 140, 172, 204 ]","[ 102, 97, 98 ]"
Song_00002,Flicker,Porter Robinson,08/12/2010,# Electronic,2,200,10,10,https://i1.sndcdn.com/artworks-87d2dfb3-404e-46c4-a9c1-ca749b012f52-0-t500x500.jpg,https://5cloudaudio.s3-us-west-1.amazonaws.com/flicker.mp3,"[ 47.5, 107.5, 207.5 ]","[ 73, 50, 48 ]"
Song_00003,Say My Name,ODESZA,01/22/2017,# Electronic,3,12,10,10,https://i1.sndcdn.com/artworks-ILVTUNh2LAia-0-t500x500.jpg,https://5cloudaudio.s3-us-west-1.amazonaws.com/Say_My_Name.mp3,"[ 194, 178, 84 ]","[ 101, 79, 53 ]"
Song_00004,Indian Summer,Jai Wolf,01/07/2015,# Electronic,3,300,10,10,https://i1.sndcdn.com/artworks-000119695222-hl7mpp-t500x500.jpg,https://5cloudaudio.s3-us-west-1.amazonaws.com/01+Carry+On+Wayward+Son.m4a,"[ 190, 113, 65 ]","[ 84, 76, 44 ]"
Song_00005,Insane,Flume,06/04/2014,# Electronic,null,null,null,null,https://i1.sndcdn.com/artworks-000033889644-9zy617-t500x500.jpg,https://5cloudaudio.s3-us-west-1.amazonaws.com/01+Inside+Out+(feat.+Charlee).m4a,"[ 199, 80, 71 ]","[ 55, 61, 70 ]"
Song_00006,JUMP,DROELOE,12/12/2001,# Electronic,null,null,null,null,https://i1.sndcdn.com/artworks-000228761930-uw4sqw-t500x500.jpg,https://5cloudaudio.s3-us-west-1.amazonaws.com/01+Kings+of+Summer+(feat.+Quinn+XCII)+[Single+Version].m4a,"[ 188, 156, 76 ]","[ 76, 38, 68 ]"
Song_00007,High You Are,What So Not,01/07/2015,# Electronic,null,null,null,null,https://i1.sndcdn.com/artworks-aiJUpeH32Djv-0-t500x500.jpg,https://5cloudaudio.s3-us-west-1.amazonaws.com/01+No+Sleep.m4a,"[ 216, 172, 80 ]","[ 75, 53, 63 ]"
Song_00008,Poison For Lovers,ARTY,06/04/2014,# Electronic,null,null,null,null,https://i1.sndcdn.com/artworks-Cv5lIThv8Am6-0-t500x500.jpg,https://5cloudaudio.s3-us-west-1.amazonaws.com/01+Roses+(feat.+ROZES).m4a,"[ 234.5, 132.5, 20.5 ]","[ 76, 44, 42 ]"
Song_00009,I Wanna Know,RL Grime,08/09/2017,# Electronic,null,null,null,null,https://i1.sndcdn.com/artworks-000317419401-cfa86f-t500x500.jpg,https://5cloudaudio.s3-us-west-1.amazonaws.com/01+Something+Better+(feat.+Lady+Antebellum).m4a,"[ 229, 40, 49 ]","[ 136, 16, 22 ]"
Song_00010,Sleepy Eyes,Elohim,01/22/2018,# Electronic,null,null,null,null,https://i1.sndcdn.com/artworks-a9y5hXsgwU2e-0-t500x500.jpg,https://5cloudaudio.s3-us-west-1.amazonaws.com/01+The+Fighting+Song.m4a,"[ 38.5, 85, 216.5 ]","[ 70, 72, 72 ]"
Song_00011,One,Metallica,11/11/2019,# Rock,null,null,null,null,https://i1.sndcdn.com/artworks-000164457695-plu703-t500x500.jpg,https://5cloudaudio.s3-us-west-1.amazonaws.com/01+The+Little+Things+(feat.+Angela+McCluskey).m4a,"[ 161, 71, 58 ]","[ 77, 71, 72 ]"
Song_00012,Hallowed Be Thy Name,Iron Maiden,09/25/2017,# Rock,null,null,null,null,https://i1.sndcdn.com/artworks-pfOQC8My9OCo-0-t500x500.jpg,https://5cloudaudio.s3-us-west-1.amazonaws.com/1-04+Sleepless+(feat.+Jezzabell+Doran).m4a,"[ 74, 63, 192 ]","[ 44, 40, 76 ]"
Song_00013,Lay Down,Priestess,08/12/2010,# Rock,null,null,null,null,https://i1.sndcdn.com/artworks-0ME6xLQO3Bjb-0-t500x500.jpg,https://5cloudaudio.s3-us-west-1.amazonaws.com/02+Crazy+Train.m4a,"[ 205, 125, 91 ]","[ 106, 46, 46 ]"
Song_00014,Eruption,Van Halen,01/07/2015,# Rock,null,null,null,null,https://i1.sndcdn.com/artworks-de7lguzgx3oE-0-t500x500.jpg,https://5cloudaudio.s3-us-west-1.amazonaws.com/02+Touchdown+(Island+Love+Version).m4a,"[ 196, 36, 228 ]","[ 53, 37, 85 ]"
Song_00015,Hangar 18,Megadeth,06/04/2014,# Rock,null,null,null,null,https://i1.sndcdn.com/artworks-dtXaGCGTH2GM-0-t500x500.jpg,https://5cloudaudio.s3-us-west-1.amazonaws.com/04+Don_t+Worry.m4a,"[ 178.5, 76.5, 76.5 ]","[ 68, 68, 69 ]"
Song_00016,Mother,Pink Floyd,12/12/2017,# Rock,null,null,null,null,https://i1.sndcdn.com/artworks-dTUBUGMflT5w-0-t500x500.jpg,https://5cloudaudio.s3-us-west-1.amazonaws.com/04+Lay+My+Claim.m4a,"[ 180, 116, 84 ]","[ 109, 75, 61 ]"
Song_00017,Ace of Spades,Motorhead,01/22/2018,# Rock,null,null,null,null,https://i1.sndcdn.com/artworks-000041152793-g4nqks-t500x500.jpg,https://5cloudaudio.s3-us-west-1.amazonaws.com/04+Runaway+Train.m4a,"[ 172, 52, 100 ]","[ 68, 68, 68 ]"
Song_00018,Rock of Ages,Def Leppard,11/11/2019,# Rock,null,null,null,null,https://i1.sndcdn.com/artworks-N2PvuC3eQnZV-0-t500x500.jpg,https://5cloudaudio.s3-us-west-1.amazonaws.com/05+Back+Then.m4a,"[ 207, 124, 156 ]","[ 68, 68, 68 ]"
Song_00019,War Pigs,Black Sabbath,12/12/2001,# Rock,null,null,null,null,https://i1.sndcdn.com/artworks-ead2c3d1-6bc3-435b-8893-f9dfec4948f9-0-t500x500.jpg,https://5cloudaudio.s3-us-west-1.amazonaws.com/05+Fade+Away.m4a,"[ 204, 137, 100 ]","[ 42, 60, 84 ]"
Song_00020,Stairway to Heaven,Led Zeppelin,01/01/2019,# Rock,null,null,null,null,https://i1.sndcdn.com/artworks-phOVVZaAWZjN-0-t500x500.jpg,https://5cloudaudio.s3-us-west-1.amazonaws.com/05+Pay+No+Mind+(feat.+Passion+Pit).m4a,"[ 127.5, 127.5, 127.5 ]","[ 99, 53, 49 ]"
Song_00021,Freaking Out,Arizona,01/07/2015,# Alternative,null,null,null,null,https://i1.sndcdn.com/artworks-000406962459-1rdszx-t500x500.jpg,https://5cloudaudio.s3-us-west-1.amazonaws.com/05+Pretty+Lady.m4a,"[ 241, 44, 36 ]","[ 92, 65, 41 ]"
Song_00022,Beautiful War,Kings of Leon,09/25/2017,# Alternative,null,null,null,null,https://i1.sndcdn.com/artworks-jZ4MhgzsCeD2-0-t500x500.jpg,https://5cloudaudio.s3-us-west-1.amazonaws.com/07+Notice+Me.m4a,"[ 210, 150, 27 ]","[ 63, 68, 71 ]"
Song_00023,Knights of Cydonia,Muse,12/12/2017,# Alternative,null,null,null,null,https://i1.sndcdn.com/artworks-X9ECgJjtm2D8-0-t500x500.jpg,https://5cloudaudio.s3-us-west-1.amazonaws.com/07+The+Buzz+(feat.+Mataya+_+Young+Tapz).m4a,"[ 180, 73, 36 ]","[ 52, 52, 52 ]"
Song_00024,Fire Ready Aim,Green Day,11/11/2019,# Alternative,null,null,null,null,https://i1.sndcdn.com/artworks-LIfLnVPinpp9-0-t500x500.jpg,https://5cloudaudio.s3-us-west-1.amazonaws.com/08+Alive+2.m4a,"[ 137, 66, 60 ]","[ 50, 28, 28 ]"
Song_00025,16,Highly Suspect,08/12/2010,# Alternative,null,null,null,null,https://i1.sndcdn.com/artworks-6Ey9bVhrOQyd-0-t200x200.jpg,https://5cloudaudio.s3-us-west-1.amazonaws.com/09+Lionhearted+(feat.+Urban+Cone).m4a,"[ 220, 49, 45 ]","[ 87, 49, 44 ]"
Song_00026,Car Radio,Twenty One Pilots,01/22/2018,# Alternative,null,null,null,null,https://i1.sndcdn.com/artworks-lLcfGeHyrwx7-0-t500x500.jpg,https://5cloudaudio.s3-us-west-1.amazonaws.com/09+Sleepyhead.m4a,"[ 180, 133, 89 ]","[ 68, 60, 60 ]"
Song_00027,Young Rulers,ARLO,06/04/2014,# Alternative,null,null,null,null,https://i1.sndcdn.com/artworks-mJM0v8IbS9aC-0-t500x500.jpg,https://5cloudaudio.s3-us-west-1.amazonaws.com/10+Keep+It+Mello+(feat.+Omar+Linx).m4a,"[ 42.5, 127.5, 212.5 ]","[ 56, 86, 98 ]"
Song_00028,The Runner,Foals,05/23/2016,# Alternative,null,null,null,null,https://i1.sndcdn.com/artworks-7B9K1B0iCvNY-0-t500x500.jpg,https://5cloudaudio.s3-us-west-1.amazonaws.com/10+Older.m4a,"[ 204, 28, 100 ]","[ 79, 69, 60 ]"
Song_00029,Salt and the Sea,The Lumineers,12/12/2001,# Alternative,null,null,null,null,https://i1.sndcdn.com/artworks-nCnZ2AkxjTrQ-0-t500x500.jpg,https://5cloudaudio.s3-us-west-1.amazonaws.com/10+The+Drugs.m4a,"[ 183, 97, 65 ]","[ 88, 55, 42 ]"
Song_00030,Eagle Birds,The Black Keys,10/10/2019,# Alternative,null,null,null,null,https://i1.sndcdn.com/artworks-0bZv0PYGWBwf-0-t500x500.jpg,https://5cloudaudio.s3-us-west-1.amazonaws.com/13+Sativa.m4a,"[ 146, 180, 31 ]","[ 59, 52, 32 ]"
Song_00031,Without Me,Eminem,12/12/2017,# Rap,null,null,null,null,https://i1.sndcdn.com/artworks-rtbnf1jKMzhz-0-t500x500.jpg,https://5cloudaudio.s3-us-west-1.amazonaws.com/Ain_t+My+Fault+(R3hab+Remix).mp3,"[ 220, 48, 50 ]","[ 84, 60, 50 ]"
Song_00032,F.N,Lil Tjay,05/23/2016,# Rap,null,null,null,null,https://i1.sndcdn.com/artworks-SDlnsWZyrio9-0-t500x500.jpg,https://5cloudaudio.s3-us-west-1.amazonaws.com/All+We+Know+(feat.+Phoebe+Ryan).mp3,"[ 211, 120, 44 ]","[ 72, 47, 75 ]"
Song_00033,VIBEZ,DaBaby,08/09/2017,# Rap,null,null,null,null,https://i1.sndcdn.com/artworks-SmwyhV0qHIWE-0-t500x500.jpg,https://5cloudaudio.s3-us-west-1.amazonaws.com/Another+Day+In+Paradise.mp3,"[ 118, 53, 202 ]","[ 70, 62, 46 ]"
Song_00034,Hot,Young Thug,08/09/2005,# Rap,null,null,null,null,https://i1.sndcdn.com/artworks-000583028201-bn4fmb-t500x500.jpg,https://5cloudaudio.s3-us-west-1.amazonaws.com/Blame+(feat.+Elliphant).mp3,"[ 223, 170, 36 ]","[ 82, 62, 70 ]"
Song_00035,Behind Barz,Drake,06/04/2014,# Rap,null,null,null,null,https://i1.sndcdn.com/artworks-000596865161-eahd9u-t500x500.jpg,https://5cloudaudio.s3-us-west-1.amazonaws.com/Bones.mp3,"[ 212, 52, 44 ]","[ 68, 68, 68 ]"
Song_00036,Tootsies,Gucci Mane,11/11/2019,# Rap,null,null,null,null,https://i1.sndcdn.com/artworks-SrgiXRDU19C4-0-t500x500.jpg,https://5cloudaudio.s3-us-west-1.amazonaws.com/Breathe.mp3,"[ 188, 92, 100 ]","[ 98, 60, 50 ]"
Song_00037,Valentino,24kGolden,10/10/2019,# Rap,null,null,null,null,https://i1.sndcdn.com/artworks-000548554350-12tdb6-t500x500.jpg,https://5cloudaudio.s3-us-west-1.amazonaws.com/Bring+it+Down+(Dillistone+Remix).mp3,"[ 212, 140, 126 ]","[ 82, 78, 48 ]"
Song_00038,Did It Again,Lil Tecca,08/12/2010,# Rap,null,null,null,null,https://i1.sndcdn.com/artworks-000475341159-tb7dwe-t500x500.jpg,https://5cloudaudio.s3-us-west-1.amazonaws.com/Burn+Wild+(Young+Bombs+Remix).mp3,"[ 190, 60, 47 ]","[ 59, 68, 82 ]"
Song_00039,Satish,Tee Grizzley,12/12/2001,# Rap,null,null,null,null,https://i1.sndcdn.com/artworks-000600104264-gmv51b-t500x500.jpg,https://5cloudaudio.s3-us-west-1.amazonaws.com/Came+Up+(feat.+Post+Malone+_+Key!).mp3,"[ 143, 121.5, 112 ]","[ 92, 86, 41 ]"
Song_00040,Bezerk,Big Sean,12/12/2017,# Rap,null,null,null,null,https://i1.sndcdn.com/artworks-Lo1kgdAhF1OY-0-t500x500.jpg,https://5cloudaudio.s3-us-west-1.amazonaws.com/Can_t+Hide+(feat.+Ashe).mp3,"[ 236, 52, 108 ]","[ 75, 58, 40 ]"
Song_00041,Hot Shower,Chance the Rapper,11/11/2019,# Rap,null,null,null,null,https://i1.sndcdn.com/artworks-000573126128-puhbim-t500x500.jpg,https://5cloudaudio.s3-us-west-1.amazonaws.com/Catch+Me+(feat.+Naaz)+[Candlelight+Remix].mp3,"[ 188, 113, 57 ]","[ 57, 53, 89 ]"
Song_00042,Piano Sonata No. 14 in C-Sharp Minor,Ludwig van Beethoven,09/25/2017,# Classical,null,null,null,null,https://i1.sndcdn.com/artworks-000040918988-esouxl-t500x500.jpg,https://5cloudaudio.s3-us-west-1.amazonaws.com/Collapse+2.0+(feat.+Memorecks).mp3,"[ 204, 180, 148 ]","[ 42, 50, 79 ]"
Song_00043,Cello Suite No. 1 in G,Johann Sebastian Bach,01/22/2018,# Classical,null,null,null,null,https://i1.sndcdn.com/artworks-000058981513-k0y8hd-t500x500.jpg,https://5cloudaudio.s3-us-west-1.amazonaws.com/Don_t+Let+Me+Down+(3LAU+Remix).mp3,"[ 64, 111, 172 ]","[ 50, 40, 86 ]"
Song_00044,Light of the Seven,Ramin Djawadi,08/09/2017,# Classical,null,null,null,null,https://i1.sndcdn.com/artworks-000168832643-7s82pf-t500x500.jpg,https://5cloudaudio.s3-us-west-1.amazonaws.com/Easy+Go+(feat.+Delaney+Jane).mp3,"[ 237, 35, 130 ]","[ 89, 76, 60 ]"
Song_00045,Come un fiore,Ludovico Einaudi,05/23/2016,# Classical,null,null,null,null,https://i1.sndcdn.com/artworks-OWKeuFYB0ezE-0-t500x500.jpg,https://5cloudaudio.s3-us-west-1.amazonaws.com/Fast+Car+(feat.+Dakota).mp3,"[ 171.5, 83.5, 142.5 ]","[ 84, 63, 48 ]"
Song_00046,Time,Hans Zimmer,10/10/2019,# Classical,null,null,null,null,https://i1.sndcdn.com/artworks-000034641100-evi0kr-t500x500.jpg,https://5cloudaudio.s3-us-west-1.amazonaws.com/Feel+Good+(feat.+Daya).mp3,"[ 100, 60, 196 ]","[ 88, 85, 58 ]"
Song_00047,Romeo and Juliet,Sergei Prokofiev,12/12/2001,# Classical,null,null,null,null,https://i1.sndcdn.com/artworks-000045320385-poid7d-t500x500.jpg,https://5cloudaudio.s3-us-west-1.amazonaws.com/Fight+Song.mp3,"[ 192, 72, 119 ]","[ 74, 49, 37 ]"
Song_00048,The Flight of the Bumble Bee,Nikolai Rimski-Korsakov,12/12/2017,# Classical,null,null,null,null,https://i1.sndcdn.com/artworks-000019380068-n4ejak-t500x500.jpg,https://5cloudaudio.s3-us-west-1.amazonaws.com/Final+Song.mp3,"[ 250, 215, 40 ]","[ 64, 76, 50 ]"
Song_00049,Swan Lake,Pyotr Ilyich Tchaikovsky,10/30/2016,# Classical,null,null,null,null,https://i1.sndcdn.com/artworks-000075558132-fy5tv6-t500x500.jpg,https://5cloudaudio.s3-us-west-1.amazonaws.com/Finish+Line+(feat.+Doe+Wright).mp3,"[ 204, 170, 101 ]","[ 52, 65, 86 ]"
Song_00050,The Four Seasons - Spring,Antonio Vivaldi,01/01/2019,# Classical,null,null,null,null,https://i1.sndcdn.com/artworks-000036757933-js2cma-t500x500.jpg,https://5cloudaudio.s3-us-west-1.amazonaws.com/Flare+Guns+(feat.+Chelsea+Cutler).mp3,"[ 50, 132, 205 ]","[ 88, 91, 45 ]"
Song_00051,Wiegenlied Op. 49 No. 4,Johannes Brahms,03/19/2014,# Classical,null,null,null,null,https://i1.sndcdn.com/artworks-000030026172-86m9z3-t500x500.jpg,https://5cloudaudio.s3-us-west-1.amazonaws.com/Fortress+(feat.+Joni+Fatora)+[Just+A+Gent+Remix].mp3,"[ 63.75, 191.25, 63.75 ]","[ 81, 70, 51 ]"
Song_00052,Piano Concerto No. 21 in C Major,Wolfgang Amadeus Mozart,08/09/2017,# Classical,null,null,null,null,https://i1.sndcdn.com/artworks-000046826426-o7i9ki-t500x500.jpg,https://5cloudaudio.s3-us-west-1.amazonaws.com/Friend.mp3,"[ 37, 37, 233 ]","[ 67, 62, 80 ]"
Song_00053,Liebestraume No. 3 in A-Flat Major,Franz Liszt,03/19/2014,# Classical,null,null,null,null,https://i1.sndcdn.com/artworks-000081944984-b29c1g-t500x500.jpg,https://5cloudaudio.s3-us-west-1.amazonaws.com/Friends+In+The+Dark+(feat.+Otis+Parker).mp3,"[ 174, 173, 67 ]","[ 95, 79, 120 ]"
Song_00054,24 Capries Op. 1: No. 24 in A-Minor,Niccolo Paganini,11/11/2019,# Classical,null,null,null,null,https://i1.sndcdn.com/artworks-000385131576-r9bq1u-t500x500.jpg,https://5cloudaudio.s3-us-west-1.amazonaws.com/Glory+_+Gore+(Unlike+Pluto+remix).mp3,"[ 244, 203, 59 ]","[ 73, 73, 73 ]"
Song_00055,If I Know Me,Morgan Wallen,05/23/2016,# Country,null,null,null,null,https://i1.sndcdn.com/artworks-2abcaf2b-d0f9-4ec8-ad38-e83cb2c79b27-0-t500x500.jpg,https://5cloudaudio.s3-us-west-1.amazonaws.com/Hello+(Marshmello+Remix).mp3,"[ 204, 38, 4 ]","[ 63, 63, 63 ]"
Song_00056,Somebody To Thank,Logan Mize,08/09/2005,# Country,null,null,null,null,https://i1.sndcdn.com/avatars-000331016690-g5utdg-t500x500.jpg,https://5cloudaudio.s3-us-west-1.amazonaws.com/Hero+(feat.+Christina+Perri).mp3,"[ 10, 144, 193 ]","[ 95, 100, 68 ]"
Song_00057,Blue Tacoma,Russell Dickerson,10/10/2019,# Country,null,null,null,null,https://i1.sndcdn.com/artworks-8p8VVow1ksFd-0-t500x500.jpg,https://5cloudaudio.s3-us-west-1.amazonaws.com/I+Want+U.mp3,"[ 127.5, 127.5, 127.5 ]","[ 76, 60, 52 ]"
Song_00058,Night Shift,Jon Pardi,12/12/2001,# Country,null,null,null,null,https://i1.sndcdn.com/artworks-RRKmVXcilWFq-0-t500x500.jpg,https://5cloudaudio.s3-us-west-1.amazonaws.com/I+Won_t+Let+You+Walk+Away+(feat.+Madison+Beer).mp3,"[ 226, 140, 26 ]","[ 50, 75, 78 ]"
Song_00059,Take It From Me,Jordan Davis,05/23/2016,# Country,null,null,null,null,https://i1.sndcdn.com/artworks-hfeQFCFDyk9m-0-t500x500.jpg,https://5cloudaudio.s3-us-west-1.amazonaws.com/In+The+Name+Of+Love+(feat.+Bebe+Rexha).mp3,"[ 168, 12, 20 ]","[ 68, 76, 60 ]"
Song_00060,Something Bout You,Sir Rosevelt,01/22/2018,# Country,null,null,null,null,https://i1.sndcdn.com/artworks-8tFwryXE6Vf8-0-t500x500.jpg,https://5cloudaudio.s3-us-west-1.amazonaws.com/Infinity+(Illenium+Remix).mp3,"[ 127.5, 127.5, 127.5 ]","[ 66, 56, 45 ]"
Song_00061,I Got This,Jerrod Niemann,03/19/2014,# Country,null,null,null,null,https://i1.sndcdn.com/artworks-T57DemwYS2Ut-0-t500x500.png,https://5cloudaudio.s3-us-west-1.amazonaws.com/It_s+All+On+U+(feat.+Liam+O_Donnell).mp3,"[ 236.5, 180.5, 18.5 ]","[ 62, 65, 83 ]"
Song_00062,Good Together,James Barker Band,08/09/2005,# Country,null,null,null,null,https://i1.sndcdn.com/artworks-oKrUPbcj8Bwx-0-t500x500.jpg,https://5cloudaudio.s3-us-west-1.amazonaws.com/It_s+Strange+(feat.+K.+Flay).mp3,"[ 63.75, 191.25, 175.5 ]","[ 80, 52, 44 ]"
Song_00063,Butterflies,Kacey Musgraves,10/30/2016,# Country,null,null,null,null,https://i1.sndcdn.com/artworks-wDrGREVyd670-0-t500x500.jpg,https://5cloudaudio.s3-us-west-1.amazonaws.com/Leaves+in+the+Pool.mp3,"[ 195, 55, 52 ]","[ 73, 72, 70 ]"
Song_00064,Simple,Florida Georgia Line,03/19/2014,# Country,null,null,null,null,https://i1.sndcdn.com/artworks-BWiOHpuSXLI0-0-t500x500.jpg,https://5cloudaudio.s3-us-west-1.amazonaws.com/Light.mp3,"[ 134, 124.5, 120.5 ]","[ 88, 70, 43 ]"
Song_00065,Stay A Little Longer,Brothers Osborne,12/12/2017,# Country,null,null,null,null,https://i1.sndcdn.com/artworks-bTfJN2R7JvO2-0-t500x500.jpg,https://5cloudaudio.s3-us-west-1.amazonaws.com/Limelight+(feat.+ROZES)+[NGHTMRE+Remix].mp3,"[ 236, 61, 74 ]","[ 42, 36, 81 ]"
Song_00066,Woman Amen,Dierks Bentley,08/09/2017,# Country,null,null,null,null,https://i1.sndcdn.com/artworks-wlTOSyD1USOC-0-t500x500.jpg,https://5cloudaudio.s3-us-west-1.amazonaws.com/Lionhearted+(Arty+Remix)+[feat.+Urban+Cone].mp3,"[ 146, 77, 38 ]","[ 51, 65, 94 ]"
Song_00067,Taplow,Eyolf Dale,09/25/2017,# Jazz,null,null,null,null,https://i1.sndcdn.com/artworks-GDBf848n0gXU-0-t500x500.jpg,https://5cloudaudio.s3-us-west-1.amazonaws.com/Lost+in+You.mp3,"[ 218, 125, 66 ]","[ 68, 60, 62 ]"
Song_00068,La fin justifie les moyens,Joran Cariou Trio,04/07/2019,# Jazz,null,null,null,null,https://i1.sndcdn.com/artworks-NNYg9mnBGLA4-0-t500x500.jpg,https://5cloudaudio.s3-us-west-1.amazonaws.com/Love+_+War+(feat.+Yade+Lauren).mp3,"[ 214, 12, 20 ]","[ 118, 56, 34 ]"
Song_00069,Skating in Central Park,Bill Evans,01/22/2018,# Jazz,null,null,null,null,https://i1.sndcdn.com/artworks-PSisSikQ3kKg-0-t500x500.jpg,https://5cloudaudio.s3-us-west-1.amazonaws.com/Love+Is+Alive+(feat.+Elohim).mp3,"[ 54, 88, 180 ]","[ 60, 58, 110 ]"
Song_00070,Fair Weather,Art Farmer,01/01/2019,# Jazz,null,null,null,null,https://i1.sndcdn.com/artworks-ZqlrFViBYvXy-0-t500x500.jpg,https://5cloudaudio.s3-us-west-1.amazonaws.com/Make+Time.mp3,"[ 211, 135, 70 ]","[ 99, 76, 62 ]"
Song_00071,Cloe,Joe Pass,05/23/2016,# Jazz,null,null,null,null,https://i1.sndcdn.com/artworks-1nyIGg9s8QpJ-0-t500x500.jpg,https://5cloudaudio.s3-us-west-1.amazonaws.com/Mr.+Brightside+(Two+Friends+Remix).mp3,"[ 200, 124, 44 ]","[ 78, 86, 83 ]"
Song_00072,The Things We Did Last Summer,Freddie Hubbard,01/01/2019,# Jazz,null,null,null,null,https://i1.sndcdn.com/artworks-I6rsKQDT2qNO-0-t500x500.jpg,https://5cloudaudio.s3-us-west-1.amazonaws.com/Native+Tongue.mp3,"[ 17, 37, 192 ]","[ 52, 60, 60 ]"
Song_00073,A Day In The Life,Wes Montgomery,10/10/2019,# Jazz,null,null,null,null,https://i1.sndcdn.com/artworks-IrpdD6f2x9Dl-0-t500x500.jpg,https://5cloudaudio.s3-us-west-1.amazonaws.com/Neighborhood.mp3,"[ 39, 100, 123 ]","[ 66, 54, 50 ]"
Song_00074,Dolphin Dance ,Ahmad Jamal Trio,08/09/2017,# Jazz,null,null,null,null,https://i1.sndcdn.com/artworks-fy1FosylY3EX-0-t500x500.jpg,https://5cloudaudio.s3-us-west-1.amazonaws.com/No+Coming+Down+(feat.+Alex+Wiley+_+Sky+Montique).mp3,"[ 196, 100, 68 ]","[ 68, 57, 56 ]"
Song_00075,Bye-Ya,Thelonious Monk,12/12/2017,# Jazz,null,null,null,null,https://i1.sndcdn.com/artworks-7iPQmkzcOvIL-0-t500x500.jpg,https://5cloudaudio.s3-us-west-1.amazonaws.com/No+Sunshine.mp3,"[ 166, 52, 41 ]","[ 51, 69, 83 ]"
Song_00076,Jack the Bear,Duke Ellington,10/30/2016,# Jazz,null,null,null,null,https://i1.sndcdn.com/artworks-YcTk6qWXkwTM-0-t500x500.jpg,https://5cloudaudio.s3-us-west-1.amazonaws.com/Nonsense+(feat.+Mark+Foster).mp3,"[ 67, 117, 168 ]","[ 70, 65, 46 ]"
Song_00077,Strange Meadow Lark,The Dave Brubeck Quartet,05/23/2016,# Jazz,null,null,null,null,https://i1.sndcdn.com/artworks-gfOJedqK130T-0-t500x500.jpg,https://5cloudaudio.s3-us-west-1.amazonaws.com/Nonsense+(Live+Edit).mp3,"[ 228, 116, 60 ]","[ 80, 77, 46 ]"
Song_00078,Sunday,Ben Webster,04/07/2019,# Jazz,null,null,null,null,https://i1.sndcdn.com/artworks-YDKCgfEjZMJt-0-t500x500.jpg,https://5cloudaudio.s3-us-west-1.amazonaws.com/Nothin_s+on+Fire.mp3,"[ 193, 32, 36 ]","[ 59, 69, 74 ]"
Song_00079,Straightjacket,Quinn XCII,08/09/2005,# Pop,null,null,null,null,https://i1.sndcdn.com/artworks-AeDN87vTNPV4-0-t500x500.jpg,https://5cloudaudio.s3-us-west-1.amazonaws.com/Perdoname+(feat.+Adrian+Delgado+_+Cy+Cy).mp3,"[ 236, 203, 43 ]","[ 89, 68, 45 ]"
Song_00080,Memories,Maroon 5,03/19/2014,# Pop,null,null,null,null,https://i1.sndcdn.com/artworks-jhOxifWB2PTy-0-t500x500.jpg,https://5cloudaudio.s3-us-west-1.amazonaws.com/Say+It+(feat.+Tove+Lo)+(Illenium+Remix).mp3,"[ 197, 52, 38 ]","[ 90, 55, 41 ]"
Song_00081,Circles,Post Malone,01/22/2018,# Pop,null,null,null,null,https://i1.sndcdn.com/artworks-000594137154-slmzbh-t500x500.jpg,https://5cloudaudio.s3-us-west-1.amazonaws.com/Say+It+(feat.+Tove+Lo).mp3,"[ 127.5, 127.5, 127.5 ]","[ 78, 61, 68 ]"
Song_00082,Graveyard,Halsey,10/10/2019,# Pop,null,null,null,null,https://i1.sndcdn.com/artworks-000597764357-xcrg61-t500x500.jpg,https://5cloudaudio.s3-us-west-1.amazonaws.com/Shelter.mp3,"[ 74, 96, 186 ]","[ 79, 76, 52 ]"
Song_00083,Lights Up,Harry Styles,11/11/2019,# Pop,null,null,null,null,https://i1.sndcdn.com/artworks-aOOOBGtG3Vlz-0-t500x500.jpg,https://5cloudaudio.s3-us-west-1.amazonaws.com/Show+_+Tell+(feat.+Claire+Ridgely).mp3,"[ 188, 116, 44 ]","[ 52, 68, 84 ]"
Song_00084,Liar,Camilla Cabello,09/25/2017,# Pop,null,null,null,null,https://i1.sndcdn.com/artworks-000593311836-1ps4pc-t500x500.jpg,https://5cloudaudio.s3-us-west-1.amazonaws.com/Smoke+_+Retribution+(feat.+Vince+Staples+_+Kuc%CC%8Cka).mp3,"[ 100, 164, 184 ]","[ 75, 68, 65 ]"
Song_00085,South of the Border,Ed Sheeran,08/12/2010,# Pop,null,null,null,null,https://i1.sndcdn.com/artworks-uzih1iJQgQvj-0-t500x500.jpg,https://5cloudaudio.s3-us-west-1.amazonaws.com/Smoke+Filled+Room+vs.+The+Buzz.mp3,"[ 127.5, 127.5, 127.5 ]","[ 52, 70, 69 ]"
Song_00086,Takeaway,The Chainsmokers,08/09/2017,# Pop,null,null,null,null,https://i1.sndcdn.com/artworks-qgoFFOv8uhBj-0-t500x500.jpg,https://5cloudaudio.s3-us-west-1.amazonaws.com/So+Long+(feat.+Madi).mp3,"[ 185, 121, 69 ]","[ 60, 59, 60 ]"
Song_00087,bad guy,Billie Eilish,01/01/2019,# Pop,null,null,null,null,https://i1.sndcdn.com/artworks-000512905044-7r5f4k-t500x500.jpg,https://5cloudaudio.s3-us-west-1.amazonaws.com/Straightjacket.mp3,"[ 60, 93, 165 ]","[ 72, 64, 49 ]"
Song_00088,A Decade Under The Influence,Taking Back Sunday,08/09/2005,# Punk,null,null,null,null,https://i1.sndcdn.com/artworks-Ct5bh2m9jCsB-0-t500x500.jpg,https://5cloudaudio.s3-us-west-1.amazonaws.com/Superstar+(feat.+Krewella).mp3,"[ 194, 134, 83 ]","[ 60, 66, 72 ]"
Song_00089,Sweetness,Jimmy Eat World,03/19/2014,# Punk,null,null,null,null,https://i1.sndcdn.com/artworks-NtGjrL2sXeya-0-t500x500.jpg,https://5cloudaudio.s3-us-west-1.amazonaws.com/Take+Me+Apart+(feat.+Remmi).mp3,"[ 167, 83, 75 ]","[ 92, 60, 48 ]"
Song_00090,Atrophy,The Red Jumpsuit Apparatus,01/22/2018,# Punk,null,null,null,null,https://i1.sndcdn.com/artworks-hXbFJPcJfZa1-0-t500x500.jpg,https://5cloudaudio.s3-us-west-1.amazonaws.com/Talk+Is+Overrated+(feat.+Blackbear).mp3,"[ 194, 156, 121 ]","[ 103, 57, 62 ]"
Song_00091,Ready To Fall,Rise Against,05/23/2016,# Punk,null,null,null,null,https://i1.sndcdn.com/artworks-vLF0GRkcCWky-0-t500x500.jpg,https://5cloudaudio.s3-us-west-1.amazonaws.com/The+Thrill.mp3,"[ 204, 119, 50 ]","[ 83, 68, 51 ]"
Song_00092,Memory,Sugarcult,09/25/2017,# Punk,null,null,null,null,https://i1.sndcdn.com/avatars-000009619835-m8wwvy-t500x500.jpg,https://5cloudaudio.s3-us-west-1.amazonaws.com/Thief.mp3,"[ 127.5, 127.5, 127.5 ]","[ 76, 92, 44 ]"
Song_00093,Blindfolds Aside,Protest The Hero,08/09/2017,# Punk,null,null,null,null,https://i1.sndcdn.com/artworks-LCOe8qoZuEeL-0-t500x500.jpg,https://5cloudaudio.s3-us-west-1.amazonaws.com/Things+(Taylor+Wise+Remix).mp3,"[ 192, 162, 93 ]","[ 43, 56, 80 ]"
Song_00094,The Taste of Ink,The Used,11/11/2019,# Punk,null,null,null,null,https://i1.sndcdn.com/artworks-CJ51kqasienI-0-t500x500.jpg,https://5cloudaudio.s3-us-west-1.amazonaws.com/Together+We_re+Screwed+(feat.+Nevve).mp3,"[ 127.5, 127.5, 127.5 ]","[ 46, 41, 76 ]"
Song_00095,Deadbolt,Thrice,01/01/2019,# Punk,null,null,null,null,https://i1.sndcdn.com/artworks-ge5mLkrregJR-0-t500x500.jpg,https://5cloudaudio.s3-us-west-1.amazonaws.com/Troubled+(feat.+Debs+Daughter).mp3,"[ 236, 151, 18 ]","[ 72, 45, 95 ]"
Song_00096,Last Saturday,Broadway,12/12/2017,# Punk,null,null,null,null,https://i1.sndcdn.com/artworks-bfl7RT9iGQcS-0-t500x500.jpg,https://5cloudaudio.s3-us-west-1.amazonaws.com/Until+You+Were+Gone+(feat.+Emily+Warren)+[Justin+Caruso+Remix].mp3,"[ 68, 141, 143 ]","[ 76, 36, 44 ]"
Song_00097,A Speculative Fiction,Propagandhi,10/30/2016,# Punk,null,null,null,null,https://i1.sndcdn.com/artworks-000069066140-4h0ug6-t500x500.jpg,https://5cloudaudio.s3-us-west-1.amazonaws.com/Wild+For+The+Night+(feat.+Skrillex+_+Birdy+Nam+Nam).mp3,"[ 228, 148, 40 ]","[ 68, 68, 68 ]"
Song_00098,Question The Answer,Strike Anywhere,01/22/2018,# Punk,null,null,null,null,https://i1.sndcdn.com/artworks-KoUlAeThdG5k-0-t500x500.png,https://5cloudaudio.s3-us-west-1.amazonaws.com/Wild+Kind+(feat.+Varpu).mp3,"[ 176, 125, 84 ]","[ 88, 45, 68 ]"
Song_00099,Calling All Cars,Senses Fail,08/09/2017,# Punk,null,null,null,null,https://i1.sndcdn.com/artworks-jUKqcFwjfn4x-0-t500x500.jpg,https://5cloudaudio.s3-us-west-1.amazonaws.com/With+You+(feat.+Quinn+XCII).mp3,"[ 228, 69, 60 ]","[ 84, 68, 60 ]"
Song_00100,Understanding in a Car Crash,Thursday,08/09/2005,# Punk,null,null,null,null,https://i1.sndcdn.com/artworks-bszxD0O8hhUH-0-t500x500.jpg,https://5cloudaudio.s3-us-west-1.amazonaws.com/Working+For+It.mp3+/Assets/01+Carry+On+Wayward+Son.m4a,"[ 178.5, 76.5, 127.5","[ 72, 72, 72"